Workbook

Sheet 카약_설정
B1: 🛶 카약 설정 (카약 1 / 카약 2)
B2: ── 카약 1 ── | E2: ── 카약 2 ──
B3: 카약 기종명 | C3: Valley Etain 17.7 | E3: 카약 기종명 | F3: Necky Chatham 17 | G3: 예: Valley Etain 17.7
B4: ── 선수(Bow) 해치 ── | E4: ── 선수(Bow) 해치 ──
B5: 최대 적재 중량 (kg) | C5: 25 | E5: 최대 적재 중량 (kg) | F5: 25 | G5: 예: 25
B6: 최대 적재 용적 (L) | C6: 60 | E6: 최대 적재 용적 (L) | F6: 60 | G6: 예: 60
B7: ── 선미(Stern) 해치 ── | E7: ── 선미(Stern) 해치 ──
B8: 최대 적재 중량 (kg) | C8: 30 | E8: 최대 적재 중량 (kg) | F8: 30
B9: 최대 적재 용적 (L) | C9: 80 | E9: 최대 적재 용적 (L) | F9: 80
B10: ── 패들러 정보 ── | E10: ── 패들러 정보 ──
B11: 패들러 체중 (kg) | C11: 75 | E11: 패들러 체중 (kg) | F11: 70 | G11: 균형 계산 참고용

Sheet 장비_DB
A1: 번호 | B1: 장비명 | C1: 카테고리 | D1: 무게(g) | E1: 부피(L) | F1: 필수여부 | G1: 비고 | H1: 카약1_선수✓ | I1: 카약1_선미✓ | J1: 카약2_선수✓ | K1: 카약2_선미✓
A2: 1 | B2: 경량 텐트 | C2: 취침 | D2: 1800 | E2: 4.5 | F2: 필수 | G2: 1~2인용 자립형 | H2: FALSE | I2: FALSE | J2: FALSE | K2: FALSE
A3: 2 | B3: 침낭 (3계절) | C3: 취침 | D3: 900 | E3: 3 | F3: 필수 | G3: 방수 압축 팩 필수 | H3: FALSE | I3: FALSE | J3: FALSE | K3: FALSE
A4: 3 | B4: 슬리핑 패드 | C4: 취침 | D4: 450 | E4: 2.5 | F4: 필수 | G4: 접이식 폼 또는 에어 | H4: FALSE | I4: FALSE | J4: FALSE | K4: FALSE
A5: 4 | B5: 알코올 버너 | C5: 식사 | D5: 150 | E5: 0.3 | F5: 필수 | G5: MSR Pocket Rocket 류 | H5: FALSE | I5: FALSE | J5: FALSE | K5: FALSE
A6: 5 | B6: 가스 캐니스터 | C6: 식사 | D6: 400 | E6: 0.5 | F6: 필수 | G6: 230g 캔 기준 | H6: FALSE | I6: FALSE | J6: FALSE | K6: FALSE
A7: 6 | B7: 코펠 세트 | C7: 식사 | D7: 350 | E7: 0.8 | F7: 필수 | G7: 티타늄 1~2인용 | H7: FALSE | I7: FALSE | J7: FALSE | K7: FALSE
A8: 7 | B8: 식기 세트 | C8: 식사 | D8: 120 | E8: 0.3 | F8: 선택 | G8: 스푼·포크·젓가락 | H8: FALSE | I8: FALSE | J8: FALSE | K8: FALSE
A9: 8 | B9: 비상 식량 1일분 | C9: 식사 | D9: 600 | E9: 1.2 | F9: 필수 | G9: 에너지바·건조식품 | H9: FALSE | I9: FALSE | J9: FALSE | K9: FALSE
A10: 9 | B10: 물 (2L) | C10: 식사 | D10: 2000 | E10: 2 | F10: 필수 | G10: 정수 필터 포함 가능 | H10: FALSE | I10: FALSE | J10: FALSE | K10: FALSE
A11: 10 | B11: 방수 재킷 | C11: 의류 | D11: 500 | E11: 1.5 | F11: 필수 | G11: 고어텍스 또는 동급 | H11: FALSE | I11: FALSE | J11: FALSE | K11: FALSE
A12: 11 | B12: 여벌 패들링복 | C12: 의류 | D12: 300 | E12: 0.8 | F12: 선택 | G12: 드라이 또는 웻수트 | H12: FALSE | I12: FALSE | J12: FALSE | K12: FALSE
A13: 12 | B13: 모자 (챙 넓은) | C13: 의류 | D13: 100 | E13: 0.4 | F13: 필수 | G13: 자외선 차단용 | H13: FALSE | I13: FALSE | J13: FALSE | K13: FALSE
... A51: 50 | B51: 수리 키트 | C51: 기타 | D51: 150 | E51: 0.2 | F51: 선택 | G51: 텐트·건조수트 응급 수리 | H51: FALSE | I51: FALSE | J51: FALSE | K51: FALSE

Sheet 적재_계획
A1: 🗂 적재 계획 (카약 1 / 카약 2)
A2: 카약1: 선수=청록(E0F7FA) / 선미=주황(FFF3E0) 카약2: 선수=연두(E8F5E9) / 선미=연노랑(FFF9C4) 미배정=회색(F5F5F5)
A3: # | B3: 장비명 | C3: 카테고리 | D3: 무게(g) | E3: 부피(L) | F3: 카약1배치 | G3: 카약2배치 | H3: 포장방법 | I3: 우선순위 | J3: 비고
A4: 1 | B4: =장비_DB!B2 | C4: =장비_DB!C2 | D4: =장비_DB!D2 | E4: =장비_DB!E2 | F4: =IF(장비_DB!H2,"선수",IF(장비_DB!I2,"선미","")) | G4: =IF(장비_DB!J2,"선수",IF(장비_DB!K2,"선미",""))
A5: 2 | B5: =장비_DB!B3 | C5: =장비_DB!C3 | D5: =장비_DB!D3 | E5: =장비_DB!E3 | F5: =IF(장비_DB!H3,"선수",IF(장비_DB!I3,"선미","")) | G5: =IF(장비_DB!J3,"선수",IF(장비_DB!K3,"선미",""))
A6: 3 | B6: =장비_DB!B4 | C6: =장비_DB!C4 | D6: =장비_DB!D4 | E6: =장비_DB!E4 | F6: =IF(장비_DB!H4,"선수",IF(장비_DB!I4,"선미","")) | G6: =IF(장비_DB!J4,"선수",IF(장비_DB!K4,"선미",""))
A7: 4 | B7: =장비_DB!B5 | C7: =장비_DB!C5 | D7: =장비_DB!D5 | E7: =장비_DB!E5 | F7: =IF(장비_DB!H5,"선수",IF(장비_DB!I5,"선미","")) | G7: =IF(장비_DB!J5,"선수",IF(장비_DB!K5,"선미",""))
A8: 5 | B8: =장비_DB!B6 | C8: =장비_DB!C6 | D8: =장비_DB!D6 | E8: =장비_DB!E6 | F8: =IF(장비_DB!H6,"선수",IF(장비_DB!I6,"선미","")) | G8: =IF(장비_DB!J6,"선수",IF(장비_DB!K6,"선미",""))
A9: 6 | B9: =장비_DB!B7 | C9: =장비_DB!C7 | D9: =장비_DB!D7 | E9: =장비_DB!E7 | F9: =IF(장비_DB!H7,"선수",IF(장비_DB!I7,"선미","")) | G9: =IF(장비_DB!J7,"선수",IF(장비_DB!K7,"선미",""))
A10: 7 | B10: =장비_DB!B8 | C10: =장비_DB!C8 | D10: =장비_DB!D8 | E10: =장비_DB!E8 | F10: =IF(장비_DB!H8,"선수",IF(장비_DB!I8,"선미","")) | G10: =IF(장비_DB!J8,"선수",IF(장비_DB!K8,"선미",""))
A11: 8 | B11: =장비_DB!B9 | C11: =장비_DB!C9 | D11: =장비_DB!D9 | E11: =장비_DB!E9 | F11: =IF(장비_DB!H9,"선수",IF(장비_DB!I9,"선미","")) | G11: =IF(장비_DB!J9,"선수",IF(장비_DB!K9,"선미",""))
A12: 9 | B12: =장비_DB!B10 | C12: =장비_DB!C10 | D12: =장비_DB!D10 | E12: =장비_DB!E10 | F12: =IF(장비_DB!H10,"선수",IF(장비_DB!I10,"선미","")) | G12: =IF(장비_DB!J10,"선수",IF(장비_DB!K10,"선미",""))
A13: 10 | B13: =장비_DB!B11 | C13: =장비_DB!C11 | D13: =장비_DB!D11 | E13: =장비_DB!E11 | F13: =IF(장비_DB!H11,"선수",IF(장비_DB!I11,"선미","")) | G13: =IF(장비_DB!J11,"선수",IF(장비_DB!K11,"선미",""))
A14: 11 | B14: =장비_DB!B12 | C14: =장비_DB!C12 | D14: =장비_DB!D12 | E14: =장비_DB!E12 | F14: =IF(장비_DB!H12,"선수",IF(장비_DB!I12,"선미","")) | G14: =IF(장비_DB!J12,"선수",IF(장비_DB!K12,"선미",""))
A15: 12 | B15: =장비_DB!B13 | C15: =장비_DB!C13 | D15: =장비_DB!D13 | E15: =장비_DB!E13 | F15: =IF(장비_DB!H13,"선수",IF(장비_DB!I13,"선미","")) | G15: =IF(장비_DB!J13,"선수",IF(장비_DB!K13,"선미",""))
... A53: 50 | B53: =장비_DB!B51 | C53: =장비_DB!C51 | D53: =장비_DB!D51 | E53: =장비_DB!E51 | F53: =IF(장비_DB!H51,"선수",IF(장비_DB!I51,"선미","")) | G53: =IF(장비_DB!J51,"선수",IF(장비_DB!K51,"선미",""))
A54: ⚖ 무게 & 부피 균형 요약
B55: 카약1 선수 | C55: 카약1 선미 | D55: 카약2 선수 | E55: 카약2 선미
A56: 적재 중량 합계 (kg) | B56: =SUMIF(F4:F53,"선수",D4:D53)/1000 | C56: =SUMIF(F4:F53,"선미",D4:D53)/1000 | D56: =SUMIF(G4:G53,"선수",D4:D53)/1000 | E56: =SUMIF(G4:G53,"선미",D4:D53)/1000
A57: 최대 허용 중량 (kg) | B57: =카약_설정!C5 | C57: =카약_설정!C8 | D57: =카약_설정!F5 | E57: =카약_설정!F8
A58: 중량 사용률 (%) | B58: =IF(카약_설정!C5>0,B56/카약_설정!C5,"") | C58: =IF(카약_설정!C8>0,C56/카약_설정!C8,"") | D58: =IF(카약_설정!F5>0,D56/카약_설정!F5,"") | E58: =IF(카약_설정!F8>0,E56/카약_설정!F8,"")
A59: ─── 부피 ───
A60: 적재 부피 합계 (L) | B60: =SUMIF(F4:F53,"선수",E4:E53) | C60: =SUMIF(F4:F53,"선미",E4:E53) | D60: =SUMIF(G4:G53,"선수",E4:E53) | E60: =SUMIF(G4:G53,"선미",E4:E53)
A61: 최대 허용 부피 (L) | B61: =카약_설정!C6 | C61: =카약_설정!C9 | D61: =카약_설정!F6 | E61: =카약_설정!F9
A62: 부피 사용률 (%) | B62: =IF(카약_설정!C6>0,B60/카약_설정!C6,"") | C62: =IF(카약_설정!C9>0,C60/카약_설정!C9,"") | D62: =IF(카약_설정!F6>0,D60/카약_설정!F6,"") | E62: =IF(카약_설정!F9>0,E60/카약_설정!F9,"")
A64: 카약1 균형 | B64: =IF(OR(B56+C56=0,B56+C56=""),"(데이터 없음)",IF(AND(B56/(B56+C56)>=0.4,B56/(B56+C56)<=0.6),"✅ 양호",IF(AND(B56/(B56+C56)>=0.3,B56/(B56+C56)<=0.7),"⚠️ 주의","❌ 불균형")))
A65: 카약2 균형 | D65: =IF(OR(D56+E56=0,D56+E56=""),"(데이터 없음)",IF(AND(D56/(D56+E56)>=0.4,D56/(D56+E56)<=0.6),"✅ 양호",IF(AND(D56/(D56+E56)>=0.3,D56/(D56+E56)<=0.7),"⚠️ 주의","❌ 불균형")))
A66: 선수:선미 비율 (카약1) | B66: =IF(B56+C56=0,"",TEXT(B56/(B56+C56),"0%")&" : "&TEXT(C56/(B56+C56),"0%"))
A67: 선수:선미 비율 (카약2) | D67: =IF(D56+E56=0,"",TEXT(D56/(D56+E56),"0%")&" : "&TEXT(E56/(D56+E56),"0%"))

Sheet 대시보드
B1: 🛶 카약 적재 계획 대시보드 (2대)
B3: 카약 1 | H3: 카약 2
B4: 기종명 | D4: 선수 최대(중량/부피) | F4: 선미 최대(중량/부피) | H4: 기종명 | J4: 선수 최대(중량/부피) | L4: 선미 최대(중량/부피)
B5: =카약_설정!C3 | D5: =카약_설정!C5&" kg"&" / "&카약_설정!C6&" L" | F5: =카약_설정!C8&" kg"&" / "&카약_설정!C9&" L" | H5: =카약_설정!F3 | J5: =카약_설정!F5&" kg"&" / "&카약_설정!F6&" L" | L5: =카약_설정!F8&" kg"&" / "&카약_설정!F9&" L"
B7: 중량 & 부피 현황
B8: 카약1 선수 중량 | E8: 카약1 선미 중량 | H8: 카약2 선수 중량 | K8: 카약2 선미 중량
B9: =적재_계획!B56 | E9: =적재_계획!C56 | H9: =적재_계획!D56 | K9: =적재_계획!E56
B10: 카약1 선수 사용률 | E10: 카약1 선미 사용률 | H10: 카약2 선수 사용률 | K10: 카약2 선미 사용률
B11: =적재_계획!B58 | E11: =적재_계획!C58 | H11: =적재_계획!D58 | K11: =적재_계획!E58
B13: 균형 판정
B14: =적재_계획!B64 | G14: =적재_계획!D65
B16: 총 적재 현황
B17: 카약1 장비수 | E17: 카약1 총중량 | H17: 카약2 장비수 | K17: 카약2 총중량
B18: =COUNTIF(적재_계획!F4:F53,"선수")+COUNTIF(적재_계획!F4:F53,"선미") | E18: =(적재_계획!B56+적재_계획!C56) | H18: =COUNTIF(적재_계획!G4:G53,"선수")+COUNTIF(적재_계획!G4:G53,"선미") | K18: =(적재_계획!D56+적재_계획!E56)
B20: 카약1선수 | C20: 카약1선미 | D20: 카약2선수 | E20: 카약2선미
A21: 적재중량(kg) | B21: =적재_계획!B56 | C21: =적재_계획!C56 | D21: =적재_계획!D56 | E21: =적재_계획!E56
A22: 허용중량(kg) | B22: =카약_설정!C5 | C22: =카약_설정!C8 | D22: =카약_설정!F5 | E22: =카약_설정!F8
